548001;1
548002;2
937501;3
937301;4
880001;5
880003;6
880004;7
880002;8
937201;9
298003;10
963001;11
660001;12
304001;13
228001;14
78001;15
937401;16
76001;17
76002;18
76003;19
76004;20
76005;21
76006;22
76007;23
76008;24
76009;25
907404;26
907405;27
907406;28
907403;29
907411;30
907412;31
907413;32
907410;33
907408;34
907417;35
907415;36
907409;37
907401;38
907402;39
907400;40
907407;41
907416;42
907414;43
916700;44
916701;45
916717;46
916703;47
916718;48
916702;49
916704;50
916719;51
916720;52
916705;53
916723;54
916721;55
916707;56
916722;57
916711;58
916714;59
916715;60
916716;61
500019;62
500009;63
500013;64
500022;65
500023;66
500008;67
500015;68
500010;69
MRIA-E8-AO2;70
500001;71
500007;72
500016;74
500002;75
500011;76
500012;77
500020;78
500021;79
500017;80
500003;81
500004;82
500014;83
MRIA-E1-AO1;84
MRIA-E1-AO4;85
500005;86
500006;87
500018;88
500024;89
970000;90
970002;91
970003;92
970004;93
970001;94
970005;95
970006;96